"act_id","fl_id","airline_code","acreg","actype","station","origin","destination","sta","std"
"567","1","8J","ACR1","ACT1","MKD","SIN","SIN","2025-09-28 05:15:00.000","2025-09-29 23:55:00.000"
"567","2","JZ","ACR2","ACT2","MKD","ADL","ADL","2025-09-29 22:50:00.000","2025-09-29 23:55:00.000"
"567","3","MZ","ACR3","ACT3","MKD","LBJ","ADL","2025-09-29 18:45:00.000","2025-09-29 23:45:00.000"
"567","4","GA","ACR4","ACT4","MKD","SYD","SYD","2025-09-29 22:30:00.000","2025-09-29 23:35:00.000"
"567","5","JZ","ACR5","ACT5","MKD","MEL","CNS","2025-09-29 21:50:00.000","2025-09-29 23:30:00.000"
"567","6","JZ","ACR6","ACT6","MKD","SIN","MEL","2025-09-29 22:20:00.000","2025-09-29 23:30:00.000"
"567","7","MU","ACR7","ACT7","MKD","PVG","PVG","2025-09-29 22:30:00.000","2025-09-29 23:30:00.000"
"567","8","GA","ACR8","ACT8","MKD","OOL","OOL","2025-09-29 22:15:00.000","2025-09-29 23:20:00.000"
"567","9","MF","ACR9","ACT9","MKD","MEL","MEL","2025-09-29 22:00:00.000","2025-09-29 23:05:00.000"
"567","10","GA","ACR10","ACT10","MKD","MEL","MEL","2025-09-29 22:00:00.000","2025-09-29 23:05:00.000"
"567","11","MZ","ACR11","ACT11","MKD","CGK","CGK","2025-09-29 15:45:00.000","2025-09-29 22:50:00.000"
"567","12","JZ","ACR12","ACT12","MKD","SYD","SYD","2025-09-29 21:00:00.000","2025-09-29 22:35:00.000"
"567","13","CZ","ACR13","ACT13","MKD","KUL","KUL","2025-09-29 22:00:00.000","2025-09-29 22:25:00.000"
"567","14","SX","ACR14","ACT14","MKD","UPG","UPG","2025-09-29 21:10:00.000","2025-09-29 22:15:00.000"
"567","15","SG","ACR15","ACT15","MKD","SIN","SIN","2025-09-29 20:10:00.000","2025-09-29 22:15:00.000"
"567","16","MF","ACR16","ACT16","MKD","SYD","SYD","2025-09-29 20:50:00.000","2025-09-29 22:10:00.000"
"567","17","SM","ACR17","ACT17","MKD","SIN","SIN","2025-09-29 20:50:00.000","2025-09-29 21:45:00.000"
"567","18","MZ","ACR18","ACT18","MKD","CGK","CGK","2025-09-29 21:45:00.000","2025-09-29 21:40:00.000"
"567","19","JZ","ACR19","ACT19","MKD","PER","PER","2025-09-29 20:20:00.000","2025-09-29 21:30:00.000"
"567","20","OZ","ACR20","ACT20","MKD","ICN","ICN","2025-09-29 20:10:00.000","2025-09-29 21:30:00.000"
"567","21","HH","ACR21","ACT21","MKD","BVD","BVD","2025-09-29 16:00:00.000","2025-09-29 21:25:00.000"
"567","22","CZ","ACR22","ACT22","MKD","KUL","KUL","2025-09-29 20:55:00.000","2025-09-29 21:25:00.000"
"567","23","JZ","ACR23","ACT23","MKD","MEL","MEL","2025-09-29 20:00:00.000","2025-09-29 21:20:00.000"
"567","24","TK","ACR24","ACT24","MKD","IST","IST","2025-09-29 19:15:00.000","2025-09-29 21:20:00.000"
"567","25","JZ","ACR25","ACT25","MKD","PER","PER","2025-09-29 19:55:00.000","2025-09-29 21:10:00.000"
"567","26","GM","ACR26","ACT26","MKD","CGK","HKG","2025-09-29 19:25:00.000","2025-09-29 21:00:00.000"
"567","27","TK","ACR27","ACT27","MKD","IST","IST","2025-09-29 17:35:00.000","2025-09-29 21:00:00.000"
"567","28","7H","ACR28","ACT28","MKD","PEN","PEN","2025-09-26 07:45:00.000","2025-09-29 20:45:00.000"
"567","29","MF","ACR29","ACT29","MKD","SYD","SYD","2025-09-29 19:00:00.000","2025-09-29 20:45:00.000"
"567","30","CZ","ACR30","ACT30","MKD","KUL","KUL","2025-09-29 20:00:00.000","2025-09-29 20:30:00.000"
"567","31","SM","ACR31","ACT31","MKD","SIN","SIN","2025-09-29 19:30:00.000","2025-09-29 20:20:00.000"
"567","32","SM","ACR32","ACT32","MKD","SIN","SIN","2025-09-29 19:20:00.000","2025-09-29 20:15:00.000"
"567","33","8V","ACR33","ACT33","MKD","YIA","DPS","2025-09-29 18:10:00.000","2025-09-29 20:10:00.000"
"567","34","SM","ACR34","ACT34","MKD","SIN","SIN","2025-09-29 18:50:00.000","2025-09-29 20:00:00.000"
"567","35","BV","ACR35","ACT35","MKD","KUL","KUL","2025-09-29 19:05:00.000","2025-09-29 19:50:00.000"
"567","36","IH","ACR36","ACT36","MKD","PGK","UPG","2025-09-29 18:45:00.000","2025-09-29 19:45:00.000"
"567","37","BS","ACR37","ACT37","MKD","DXB","DXB","2025-09-29 16:35:00.000","2025-09-29 19:45:00.000"
"567","38","8V","ACR38","ACT38","MKD","PER","CAN","2025-09-29 17:40:00.000","2025-09-29 19:40:00.000"
"567","39","CZ","ACR39","ACT39","MKD","KUL","KUL","2025-09-29 19:15:00.000","2025-09-29 19:40:00.000"
"567","40","MZ","ACR40","ACT40","MKD","SIN","DPS","2025-09-29 20:30:00.000","2025-09-29 19:30:00.000"
"567","41","BV","ACR41","ACT41","MKD","KUL","KUL","2025-09-29 18:30:00.000","2025-09-29 19:20:00.000"
"567","42","CZ","ACR42","ACT42","MKD","KUL","KUL","2025-09-29 18:40:00.000","2025-09-29 19:15:00.000"
"567","43","SM","ACR43","ACT43","MKD","SIN","SIN","2025-09-29 18:15:00.000","2025-09-29 19:10:00.000"
"567","44","8V","ACR44","ACT44","MKD","KUL","CAN","2025-09-29 15:35:00.000","2025-09-29 19:10:00.000"
"567","45","EY","ACR45","ACT45","MKD","AUH","AUH","2025-09-29 09:35:00.000","2025-09-29 19:05:00.000"
"567","46","SM","ACR46","ACT46","MKD","SIN","SIN","2025-09-29 18:05:00.000","2025-09-29 19:00:00.000"
"567","47","CX","ACR47","ACT47","MKD","HKG","HKG","2025-09-29 17:40:00.000","2025-09-29 18:45:00.000"
"567","48","EY","ACR48","ACT48","MKD","AUH","AUH","2025-09-29 11:25:00.000","2025-09-29 18:45:00.000"
"567","49","IH","ACR49","ACT49","MKD","TMC","CGK","2025-09-29 17:40:00.000","2025-09-29 18:30:00.000"
"567","50","MR","ACR50","ACT50","MKD","DOH","DOH","2025-09-29 15:35:00.000","2025-09-29 18:30:00.000"
"567","51","MZ","ACR51","ACT51","MKD","DPS","DMK","2025-09-29 19:45:00.000","2025-09-29 18:30:00.000"
"567","52","BV","ACR52","ACT52","MKD","KUL","KUL","2025-09-29 17:35:00.000","2025-09-29 18:25:00.000"
"567","53","MZ","ACR53","ACT53","MKD","KTI","DPS","2025-09-29 18:30:00.000","2025-09-29 18:20:00.000"
"567","54","BV","ACR54","ACT54","MKD","KUL","KUL","2025-09-29 17:20:00.000","2025-09-29 18:20:00.000"
"567","55","CZ","ACR55","ACT55","MKD","PEN","PEN","2025-09-29 17:55:00.000","2025-09-29 18:20:00.000"
"567","56","SM","ACR56","ACT56","MKD","SIN","SIN","2025-09-29 17:10:00.000","2025-09-29 18:05:00.000"
"567","57","MZ","ACR57","ACT57","MKD","DPS","KUL","2025-09-28 23:40:00.000","2025-09-29 17:50:00.000"
"567","58","MZ","ACR58","ACT58","MKD","KUL","KUL","2025-09-29 17:05:00.000","2025-09-29 17:40:00.000"
"567","59","MZ","ACR59","ACT59","MKD","BPN","KUL","2025-09-29 15:20:00.000","2025-09-29 17:40:00.000"
"567","60","BS","ACR60","ACT60","MKD","DXB","DXB","2025-09-29 15:40:00.000","2025-09-29 17:40:00.000"
"567","61","GM","ACR61","ACT61","MKD","DJJ","KNO","2025-09-29 13:20:00.000","2025-09-29 17:30:00.000"
"567","62","CZ","ACR62","ACT62","MKD","KUL","KUL","2025-09-29 17:05:00.000","2025-09-29 17:30:00.000"
"567","63","SG","ACR63","ACT63","MKD","JED","JED","2025-09-29 16:00:00.000","2025-09-29 17:30:00.000"
"567","64","8V","ACR64","ACT64","MKD","SIN","KUL","2025-09-29 18:45:00.000","2025-09-29 17:10:00.000"
"567","65","CZ","ACR65","ACT65","MKD","KUL","KUL","2025-09-29 16:20:00.000","2025-09-29 17:00:00.000"
"567","66","SM","ACR66","ACT66","MKD","SIN","SIN","2025-09-29 16:05:00.000","2025-09-29 17:00:00.000"
"567","67","MZ","ACR67","ACT67","MKD","PER","KUL","2025-09-29 15:35:00.000","2025-09-29 16:55:00.000"
"567","68","HO","ACR68","ACT68","MKD","PVG","PVG","2025-09-29 15:50:00.000","2025-09-29 16:50:00.000"
"567","69","MZ","ACR69","ACT69","MKD","SIN","DMK","2025-09-29 15:35:00.000","2025-09-29 16:35:00.000"
"567","70","SM","ACR70","ACT70","MKD","SIN","SIN","2025-09-29 15:40:00.000","2025-09-29 16:30:00.000"
"567","71","HC","ACR71","ACT71","MKD","TPE","TPE","2025-09-29 15:15:00.000","2025-09-29 16:30:00.000"
"567","72","BV","ACR72","ACT72","MKD","KUL","KUL","2025-09-29 15:30:00.000","2025-09-29 16:25:00.000"
"567","73","MZ","ACR73","ACT73","MKD","SIN","PER","2025-09-29 13:30:00.000","2025-09-29 16:15:00.000"
"567","74","MZ","ACR74","ACT74","MKD","SIN","SIN","2025-09-29 15:10:00.000","2025-09-29 16:10:00.000"
"567","75","CX","ACR75","ACT75","MKD","HKG","HKG","2025-09-29 15:00:00.000","2025-09-29 16:10:00.000"
"567","76","IH","ACR76","ACT76","MKD","PKN","PGK","2025-09-29 15:20:00.000","2025-09-29 16:05:00.000"
"567","77","8V","ACR77","ACT77","MKD","MDC","SZB","2025-09-28 20:25:00.000","2025-09-29 16:05:00.000"
"567","78","BV","ACR78","ACT78","MKD","KUL","KUL","2025-09-29 15:05:00.000","2025-09-29 16:05:00.000"
"567","79","IH","ACR79","ACT79","MKD","TMC","UPG","2025-09-29 15:00:00.000","2025-09-29 16:00:00.000"
"567","80","JZ","ACR80","ACT80","MKD","DRW","SIN","2025-09-29 13:30:00.000","2025-09-29 15:50:00.000"
"567","81","BV","ACR81","ACT81","MKD","KUL","KUL","2025-09-29 15:00:00.000","2025-09-29 15:45:00.000"
"567","82","MZ","ACR82","ACT82","MKD","SIN","LBJ","2025-09-29 15:05:00.000","2025-09-29 15:45:00.000"
"567","83","MZ","ACR83","ACT83","MKD","DMK","DPS","2025-09-29 14:55:00.000","2025-09-29 15:30:00.000"
"567","84","MZ","ACR84","ACT84","MKD","KCH","JHB","2025-09-29 16:55:00.000","2025-09-29 15:25:00.000"
"567","85","GA","ACR85","ACT85","MKD","BNE","BNE","2025-09-29 14:05:00.000","2025-09-29 15:15:00.000"
"567","86","JZ","ACR86","ACT86","MKD","MEL","MEL","2025-09-29 13:25:00.000","2025-09-29 14:55:00.000"
"567","87","WY","ACR87","ACT87","MKD","MCT","MCT","2025-09-29 13:20:00.000","2025-09-29 14:50:00.000"
"567","88","CZ","ACR88","ACT88","MKD","KUL","KUL","2025-09-29 14:10:00.000","2025-09-29 14:45:00.000"
"567","89","CZ","ACR89","ACT89","MKD","KUL","KUL","2025-09-29 14:00:00.000","2025-09-29 14:35:00.000"
"567","90","HC","ACR90","ACT90","MKD","TPE","TPE","2025-09-29 13:20:00.000","2025-09-29 14:30:00.000"
"567","91","SM","ACR91","ACT91","MKD","SIN","SIN","2025-09-29 13:35:00.000","2025-09-29 14:30:00.000"
"567","92","SX","ACR92","ACT92","MKD","UPG","UPG","2025-09-29 13:25:00.000","2025-09-29 14:25:00.000"
"567","93","IH","ACR93","ACT93","MKD","SMQ","BUU","2025-09-29 13:30:00.000","2025-09-29 14:20:00.000"
"567","94","CX","ACR94","ACT94","MKD","HKG","HKG","2025-09-29 13:10:00.000","2025-09-29 14:20:00.000"
"567","95","MZ","ACR95","ACT95","MKD","PER","HKT","2025-09-29 10:50:00.000","2025-09-29 14:15:00.000"
"567","96","MZ","ACR96","ACT96","MKD","DPS","DMK","2025-09-29 17:15:00.000","2025-09-29 14:15:00.000"
"567","97","CZ","ACR97","ACT97","MKD","KUL","KUL","2025-09-29 13:35:00.000","2025-09-29 14:10:00.000"
"567","98","MZ","ACR98","ACT98","MKD","TKG","PEN","2025-09-29 16:10:00.000","2025-09-29 14:00:00.000"
"567","99","8V","ACR99","ACT99","MKD","CGK","CGK","2025-09-29 13:20:00.000","2025-09-29 13:50:00.000"
"567","100","MZ","ACR100","ACT100","MKD","LBJ","TKG","2025-09-29 13:40:00.000","2025-09-29 13:50:00.000"
"567","101","SG","ACR101","ACT101","MKD","JED","JED","2025-09-29 12:15:00.000","2025-09-29 13:45:00.000"
"567","102","8V","ACR102","ACT102","MKD","DPS","YIA","2025-09-29 14:40:00.000","2025-09-29 13:35:00.000"
"567","103","MZ","ACR103","ACT103","MKD","DPS","DPS","2025-09-29 13:05:00.000","2025-09-29 13:35:00.000"
"567","104","MZ","ACR104","ACT104","MKD","JHB","KUL","2025-09-29 12:40:00.000","2025-09-29 13:25:00.000"
"567","105","SX","ACR105","ACT105","MKD","PGK","PNK","2025-09-29 12:35:00.000","2025-09-29 13:25:00.000"
"567","106","JZ","ACR106","ACT106","MKD","BNE","BNE","2025-09-29 11:50:00.000","2025-09-29 13:15:00.000"
"567","107","SM","ACR107","ACT107","MKD","SIN","SIN","2025-09-29 11:55:00.000","2025-09-29 13:05:00.000"
"567","108","MZ","ACR108","ACT108","MKD","DPS","KCH","2025-09-29 11:30:00.000","2025-09-29 12:55:00.000"
"567","109","8V","ACR109","ACT109","MKD","CAN","PER","2025-09-29 07:20:00.000","2025-09-29 12:55:00.000"
"567","110","BV","ACR110","ACT110","MKD","KUL","KUL","2025-09-29 12:05:00.000","2025-09-29 12:55:00.000"
"567","111","MZ","ACR111","ACT111","MKD","MWS","DPS","2025-09-29 11:15:00.000","2025-09-29 12:45:00.000"
"567","112","CZ","ACR112","ACT112","MKD","KUL","KUL","2025-09-29 12:15:00.000","2025-09-29 12:40:00.000"
"567","113","RH","ACR113","ACT113","MKD","SIA","OMS","2025-09-27 15:45:00.000","2025-09-29 12:30:00.000"
"567","114","MZ","ACR114","ACT114","MKD","PEN","KUL","2025-09-29 11:50:00.000","2025-09-29 12:25:00.000"
"567","115","JZ","ACR115","ACT115","MKD","SYD","SYD","2025-09-29 10:50:00.000","2025-09-29 12:20:00.000"
"567","116","IH","ACR116","ACT116","MKD","UPG","TMC","2025-09-29 11:20:00.000","2025-09-29 12:20:00.000"
"567","117","BV","ACR117","ACT117","MKD","KUL","KUL","2025-09-29 11:20:00.000","2025-09-29 12:15:00.000"
"567","118","8V","ACR118","ACT118","MKD","SIN","SIN","2025-09-29 13:10:00.000","2025-09-29 12:10:00.000"
"567","119","SM","ACR119","ACT119","MKD","SIN","SIN","2025-09-29 11:00:00.000","2025-09-29 12:10:00.000"
"567","120","FD","ACR120","ACT120","MKD","DMK","DMK","2025-09-29 11:30:00.000","2025-09-29 12:00:00.000"
"567","121","JZ","ACR121","ACT121","MKD","MEL","MEL","2025-09-29 10:35:00.000","2025-09-29 11:55:00.000"
"567","122","MZ","ACR122","ACT122","MKD","DTB","DPS","2025-09-29 11:10:00.000","2025-09-29 11:55:00.000"
"567","123","BV","ACR123","ACT123","MKD","KUL","KUL","2025-09-29 10:40:00.000","2025-09-29 11:45:00.000"
"567","124","8V","ACR124","ACT124","MKD","DPS","SKJ","2025-09-29 11:20:00.000","2025-09-29 11:45:00.000"
"567","125","CZ","ACR125","ACT125","MKD","KUL","KUL","2025-09-29 11:20:00.000","2025-09-29 11:45:00.000"
"567","126","JZ","ACR126","ACT126","MKD","PER","PER","2025-09-29 10:30:00.000","2025-09-29 11:40:00.000"
"567","127","MZ","ACR127","ACT127","MKD","TKG","KTI","2025-09-29 10:40:00.000","2025-09-29 11:35:00.000"
"567","128","MZ","ACR128","ACT128","MKD","ADL","BPN","2025-09-29 10:55:00.000","2025-09-29 11:25:00.000"
"567","129","MZ","ACR129","ACT129","MKD","KUL","KUL","2025-09-29 10:45:00.000","2025-09-29 11:20:00.000"
"567","130","SM","ACR130","ACT130","MKD","SIN","SIN","2025-09-29 10:10:00.000","2025-09-29 11:15:00.000"
"567","131","JZ","ACR131","ACT131","MKD","ADL","ADL","2025-09-29 10:10:00.000","2025-09-29 11:15:00.000"
"567","132","CZ","ACR132","ACT132","MKD","KUL","KUL","2025-09-29 10:50:00.000","2025-09-29 11:15:00.000"
"567","133","MZ","ACR133","ACT133","MKD","DPS","SIN","2025-09-29 10:30:00.000","2025-09-29 11:10:00.000"
"567","134","BV","ACR134","ACT134","MKD","KUL","KUL","2025-09-29 10:15:00.000","2025-09-29 11:10:00.000"
"567","135","8V","ACR135","ACT135","MKD","KUL","KUL","2025-09-29 09:50:00.000","2025-09-29 11:00:00.000"
"567","136","MZ","ACR136","ACT136","MKD","LBJ","CGK","2025-09-29 09:55:00.000","2025-09-29 10:35:00.000"
"567","137","AI","ACR137","ACT137","MKD","DEL","DEL","2025-09-29 08:10:00.000","2025-09-29 10:35:00.000"
"567","138","SG","ACR138","ACT138","MKD","JED","JED","2025-09-29 09:05:00.000","2025-09-29 10:35:00.000"
"567","139","8V","ACR139","ACT139","MKD","KUL","DPS","2025-09-29 10:00:00.000","2025-09-29 10:30:00.000"
"567","140","8V","ACR140","ACT140","MKD","CGK","CGK","2025-09-29 09:30:00.000","2025-09-29 10:25:00.000"
"567","141","SM","ACR141","ACT141","MKD","SIN","SIN","2025-09-29 09:05:00.000","2025-09-29 10:10:00.000"
"567","142","SM","ACR142","ACT142","MKD","SIN","SIN","2025-09-29 09:00:00.000","2025-09-29 10:05:00.000"
"567","143","MZ","ACR143","ACT143","MKD","PEN","DMK","2025-09-29 09:35:00.000","2025-09-29 10:05:00.000"
"567","144","CZ","ACR144","ACT144","MKD","PEN","PEN","2025-09-29 09:30:00.000","2025-09-29 10:00:00.000"
"567","145","BV","ACR145","ACT145","MKD","KUL","KUL","2025-09-29 09:10:00.000","2025-09-29 10:00:00.000"
"567","146","MZ","ACR146","ACT146","MKD","CGK","CGK","2025-09-29 08:55:00.000","2025-09-29 09:40:00.000"
"567","147","SX","ACR147","ACT147","MKD","TJZ","PGK","2025-09-29 08:50:00.000","2025-09-29 09:40:00.000"
"567","148","MZ","ACR148","ACT148","MKD","KUL","PEN","2025-09-29 08:55:00.000","2025-09-29 09:35:00.000"
"567","149","SM","ACR149","ACT149","MKD","SIN","SIN","2025-09-29 08:25:00.000","2025-09-29 09:25:00.000"
"567","150","BV","ACR150","ACT150","MKD","KUL","KUL","2025-09-29 08:30:00.000","2025-09-29 09:20:00.000"
"567","151","BV","ACR151","ACT151","MKD","KUL","KUL","2025-09-29 08:25:00.000","2025-09-29 09:10:00.000"
"567","152","IH","ACR152","ACT152","MKD","CGK","TMC","2025-09-29 08:20:00.000","2025-09-29 09:10:00.000"
"567","153","8V","ACR153","ACT153","MKD","MDC","CGK","2025-09-29 07:25:00.000","2025-09-29 09:10:00.000"
"567","154","8V","ACR154","ACT154","MKD","PER","PER","2025-09-28 21:50:00.000","2025-09-29 09:05:00.000"
"567","155","MR","ACR155","ACT155","MKD","DOH","DOH","2025-09-29 07:30:00.000","2025-09-29 09:00:00.000"
"567","156","MZ","ACR156","ACT156","MKD","PER","SIN","2025-09-29 07:00:00.000","2025-09-29 09:00:00.000"
"567","157","SM","ACR157","ACT157","MKD","SIN","SIN","2025-09-29 08:00:00.000","2025-09-29 08:45:00.000"
"567","158","5J","ACR158","ACT158","MKD","MNL","MNL","2025-09-29 07:50:00.000","2025-09-29 08:35:00.000"
"567","159","CZ","ACR159","ACT159","MKD","KUL","KUL","2025-09-29 08:05:00.000","2025-09-29 08:35:00.000"
"567","160","MZ","ACR160","ACT160","MKD","MDC","TKG","2025-09-29 07:45:00.000","2025-09-29 08:35:00.000"
"567","161","MZ","ACR161","ACT161","MKD","KUL","SIN","2025-09-29 09:40:00.000","2025-09-29 08:30:00.000"
"567","162","MZ","ACR162","ACT162","MKD","KUL","LBJ","2025-09-29 01:00:00.000","2025-09-29 08:20:00.000"
"567","163","CX","ACR163","ACT163","MKD","HKG","HKG","2025-09-28 18:00:00.000","2025-09-29 08:20:00.000"
"567","164","CX","ACR164","ACT164","MKD","HKG","HKG","2025-09-28 19:40:00.000","2025-09-29 08:10:00.000"
"567","165","SM","ACR165","ACT165","MKD","SIN","SIN","2025-09-29 07:55:00.000","2025-09-29 08:05:00.000"
"567","166","8V","ACR166","ACT166","MKD","CAN","SIN","2025-09-29 08:30:00.000","2025-09-29 07:55:00.000"
"567","167","MZ","ACR167","ACT167","MKD","KUL","JHB","2025-09-28 19:20:00.000","2025-09-29 07:35:00.000"
"567","168","MZ","ACR168","ACT168","MKD","BWN","DMK","2025-09-29 00:05:00.000","2025-09-29 07:15:00.000"
"567","169","MZ","ACR169","ACT169","MKD","PER","LBJ","2025-09-29 00:30:00.000","2025-09-29 07:10:00.000"
"567","170","SM","ACR170","ACT170","MKD","SIN","SIN","2025-09-29 00:05:00.000","2025-09-29 07:10:00.000"
"567","171","MZ","ACR171","ACT171","MKD","LBJ","PER","2025-09-28 19:40:00.000","2025-09-29 07:05:00.000"
"567","172","JZ","ACR172","ACT172","MKD","MEL","DRW","2025-09-28 21:50:00.000","2025-09-29 07:00:00.000"
"567","173","HH","ACR173","ACT173","MKD","BVD","BVD","2025-09-29 05:05:00.000","2025-09-29 07:00:00.000"
"567","174","8V","ACR174","ACT174","MKD","SZB","DPS","2025-09-28 20:55:00.000","2025-09-29 06:45:00.000"
"567","175","MZ","ACR175","ACT175","MKD","DPS","DTB","2025-09-28 22:30:00.000","2025-09-29 06:25:00.000"
"567","176","MZ","ACR176","ACT176","MKD","KUL","KUL","2025-09-28 21:55:00.000","2025-09-29 06:25:00.000"
"567","177","MZ","ACR177","ACT177","MKD","JHB","DPS","2025-09-28 21:40:00.000","2025-09-29 06:20:00.000"
"567","178","MZ","ACR178","ACT178","MKD","DMK","PEN","2025-09-28 19:40:00.000","2025-09-29 06:15:00.000"
"567","179","HH","ACR179","ACT179","MKD","NRT","NRT","2025-09-28 23:45:00.000","2025-09-29 06:10:00.000"
"567","180","IH","ACR180","ACT180","MKD","UPG","SMQ","2025-09-29 05:00:00.000","2025-09-29 06:00:00.000"
"567","181","SX","ACR181","ACT181","MKD","PNK","TJZ","2025-09-28 17:00:00.000","2025-09-29 06:00:00.000"
"567","182","IH","ACR182","ACT182","MKD","DPS","PKN","2025-09-28 19:10:00.000","2025-09-29 05:30:00.000"
"567","183","IH","ACR183","ACT183","MKD","BUU","DPS","2025-09-28 18:00:00.000","2025-09-29 05:30:00.000"
"567","184","SM","ACR184","ACT184","MKD","SIN","SIN","2025-09-28 22:40:00.000","2025-09-29 05:25:00.000"
"567","185","8V","ACR185","ACT185","MKD","KUL","KUL","2025-09-28 22:50:00.000","2025-09-29 05:15:00.000"
"567","186","MZ","ACR186","ACT186","MKD","DMK","KUL","2025-09-29 00:00:00.000","2025-09-29 05:00:00.000"
"567","187","7H","ACR187","ACT187","MKD","SRG","CGK","2025-09-28 13:15:00.000","2025-09-29 05:00:00.000"
"567","188","0B","ACR188","ACT188","MKD","SIN","SIN","2025-09-27 16:10:00.000","2025-09-29 05:00:00.000"
"567","189","MZ","ACR189","ACT189","MKD","BWN","MWS","2025-09-28 23:20:00.000","2025-09-29 05:00:00.000"
"567","190","MZ","ACR190","ACT190","MKD","KUL","KUL","2025-09-28 23:25:00.000","2025-09-29 05:00:00.000"
"567","191","FS","ACR191","ACT191","MKD","SOC","DPS","2025-09-28 18:05:00.000","2025-09-29 04:15:00.000"
"567","192","BV","ACR192","ACT192","MKD","KUL","KUL","2025-09-28 23:05:00.000","2025-09-29 04:15:00.000"
"567","193","8V","ACR193","ACT193","MKD","CGK","MDC","2025-09-28 23:00:00.000","2025-09-29 01:30:00.000"
"567","194","MZ","ACR194","ACT194","MKD","PER","PER","2025-09-28 22:20:00.000","2025-09-29 01:05:00.000"
"567","195","PR","ACR195","ACT195","MKD","MNL","MNL","2025-09-28 23:55:00.000","2025-09-29 00:55:00.000"
"567","196","MR","ACR196","ACT196","MKD","DOH","DOH","2025-09-28 21:40:00.000","2025-09-29 00:55:00.000"
"567","197","PR","ACR197","ACT197","MKD","MNL","MNL","2025-09-28 23:55:00.000","2025-09-29 00:55:00.000"
"567","198","MU","ACR198","ACT198","MKD","PVG","PVG","2025-09-28 23:55:00.000","2025-09-29 00:55:00.000"
"567","199","MZ","ACR199","ACT199","MKD","SIN","MDC","2025-09-28 20:30:00.000","2025-09-29 00:50:00.000"
"567","200","BS","ACR200","ACT200","MKD","DXB","DXB","2025-09-28 22:20:00.000","2025-09-29 00:45:00.000"
"567","201","EY","ACR201","ACT201","MKD","AUH","AUH","2025-09-28 20:35:00.000","2025-09-29 00:45:00.000"
"567","202","SG","ACR202","ACT202","MKD","JED","JED","2025-09-28 22:45:00.000","2025-09-29 00:40:00.000"
"567","203","BS","ACR203","ACT203","MKD","DXB","DXB","2025-09-28 22:20:00.000","2025-09-29 00:35:00.000"
"567","204","GM","ACR204","ACT204","MKD","DJJ","TIM","2025-09-28 10:30:00.000","2025-09-29 00:30:00.000"
"567","205","7H","ACR205","ACT205","MKD","CGK","FOC","2025-09-28 23:30:00.000","2025-09-29 00:30:00.000"
"567","206","CX","ACR206","ACT206","MKD","HKG","HKG","2025-09-28 22:50:00.000","2025-09-29 00:05:00.000"
"567","207","JZ","ACR207","ACT207","MKD","ADL","ADL","2025-09-28 22:50:00.000","2025-09-28 23:55:00.000"
"567","208","CZ","ACR208","ACT208","MKD","KUL","KUL","2025-09-28 23:35:00.000","2025-09-28 23:50:00.000"
"567","209","JZ","ACR209","ACT209","MKD","OOL","OOL","2025-09-28 22:35:00.000","2025-09-28 23:45:00.000"
"567","210","CZ","ACR210","ACT210","MKD","KUL","KUL","2025-09-28 23:15:00.000","2025-09-28 23:40:00.000"
"567","211","JZ","ACR211","ACT211","MKD","SIN","MEL","2025-09-28 22:20:00.000","2025-09-28 23:30:00.000"
"567","212","MU","ACR212","ACT212","MKD","PVG","PVG","2025-09-28 22:30:00.000","2025-09-28 23:30:00.000"
"567","213","GA","ACR213","ACT213","MKD","SYD","OOL","2025-09-28 22:30:00.000","2025-09-28 23:20:00.000"
"567","214","MF","ACR214","ACT214","MKD","MEL","MEL","2025-09-28 22:00:00.000","2025-09-28 23:05:00.000"
"567","215","GA","ACR215","ACT215","MKD","MEL","MEL","2025-09-28 22:00:00.000","2025-09-28 23:05:00.000"
"567","216","MZ","ACR216","ACT216","MKD","CGK","CGK","2025-09-28 22:20:00.000","2025-09-28 22:50:00.000"
"567","217","JZ","ACR217","ACT217","MKD","SYD","SYD","2025-09-28 21:00:00.000","2025-09-28 22:35:00.000"
"567","218","SX","ACR218","ACT218","MKD","UPG","UPG","2025-09-28 21:10:00.000","2025-09-28 22:15:00.000"
"567","219","MF","ACR219","ACT219","MKD","SYD","SYD","2025-09-28 20:50:00.000","2025-09-28 22:10:00.000"
"567","220","MZ","ACR220","ACT220","MKD","LBJ","PER","2025-09-28 18:45:00.000","2025-09-28 21:55:00.000"
"567","221","SM","ACR221","ACT221","MKD","SIN","SIN","2025-09-28 20:50:00.000","2025-09-28 21:45:00.000"
"567","222","MZ","ACR222","ACT222","MKD","CGK","CGK","2025-09-28 21:10:00.000","2025-09-28 21:40:00.000"
"567","223","JZ","ACR223","ACT223","MKD","PER","PER","2025-09-28 20:20:00.000","2025-09-28 21:30:00.000"
"567","224","OZ","ACR224","ACT224","MKD","ICN","ICN","2025-09-28 20:10:00.000","2025-09-28 21:30:00.000"
"567","225","CZ","ACR225","ACT225","MKD","KUL","KUL","2025-09-28 20:55:00.000","2025-09-28 21:25:00.000"
"567","226","HH","ACR226","ACT226","MKD","BVD","BVD","2025-09-28 16:00:00.000","2025-09-28 21:25:00.000"
"567","227","JZ","ACR227","ACT227","MKD","MEL","MEL","2025-09-28 20:00:00.000","2025-09-28 21:20:00.000"
"567","228","TK","ACR228","ACT228","MKD","IST","IST","2025-09-28 19:15:00.000","2025-09-28 21:20:00.000"
"567","229","MF","ACR229","ACT229","MKD","SYD","MEL","2025-09-28 19:00:00.000","2025-09-28 21:00:00.000"
"567","230","TK","ACR230","ACT230","MKD","IST","IST","2025-09-28 17:35:00.000","2025-09-28 21:00:00.000"
"567","231","MF","ACR231","ACT231","MKD","MEL","SYD","2025-09-28 19:15:00.000","2025-09-28 20:45:00.000"
"567","232","SM","ACR232","ACT232","MKD","SIN","SIN","2025-09-28 19:30:00.000","2025-09-28 20:20:00.000"
"567","233","SM","ACR233","ACT233","MKD","SIN","SIN","2025-09-28 19:20:00.000","2025-09-28 20:15:00.000"
"567","234","8V","ACR234","ACT234","MKD","DPS","DPS","2025-09-28 19:30:00.000","2025-09-28 20:10:00.000"
"567","235","SM","ACR235","ACT235","MKD","SIN","SIN","2025-09-28 18:50:00.000","2025-09-28 20:00:00.000"
"567","236","BV","ACR236","ACT236","MKD","KUL","KUL","2025-09-28 19:05:00.000","2025-09-28 19:50:00.000"
"567","237","BS","ACR237","ACT237","MKD","DXB","DXB","2025-09-28 16:35:00.000","2025-09-28 19:45:00.000"
"567","238","IH","ACR238","ACT238","MKD","PGK","UPG","2025-09-28 18:45:00.000","2025-09-28 19:45:00.000"
"567","239","8V","ACR239","ACT239","MKD","PER","CAN","2025-09-28 17:40:00.000","2025-09-28 19:40:00.000"
"567","240","MZ","ACR240","ACT240","MKD","PEN","DPS","2025-09-28 17:25:00.000","2025-09-28 19:30:00.000"
"567","241","CZ","ACR241","ACT241","MKD","KUL","KUL","2025-09-28 18:40:00.000","2025-09-28 19:15:00.000"
"567","242","CZ","ACR242","ACT242","MKD","KUL","KUL","2025-09-28 18:45:00.000","2025-09-28 19:10:00.000"
"567","243","8V","ACR243","ACT243","MKD","YIA","CAN","2025-09-28 19:40:00.000","2025-09-28 19:10:00.000"
"567","244","SM","ACR244","ACT244","MKD","SIN","SIN","2025-09-28 18:15:00.000","2025-09-28 19:10:00.000"
"567","245","EY","ACR245","ACT245","MKD","AUH","AUH","2025-09-28 09:35:00.000","2025-09-28 19:05:00.000"
"567","246","SM","ACR246","ACT246","MKD","SIN","SIN","2025-09-28 18:05:00.000","2025-09-28 19:00:00.000"
"567","247","MZ","ACR247","ACT247","MKD","CGK","CGK","2025-09-28 18:20:00.000","2025-09-28 18:50:00.000"
"567","248","8V","ACR248","ACT248","MKD","CGK","CGK","2025-09-28 17:55:00.000","2025-09-28 18:45:00.000"
"567","249","EY","ACR249","ACT249","MKD","AUH","AUH","2025-09-28 11:25:00.000","2025-09-28 18:45:00.000"
"567","250","CX","ACR250","ACT250","MKD","HKG","HKG","2025-09-28 17:40:00.000","2025-09-28 18:45:00.000"
"567","251","IH","ACR251","ACT251","MKD","TMC","CGK","2025-09-28 17:40:00.000","2025-09-28 18:30:00.000"
"567","252","MR","ACR252","ACT252","MKD","DOH","DOH","2025-09-28 15:35:00.000","2025-09-28 18:30:00.000"
"567","253","BV","ACR253","ACT253","MKD","KUL","KUL","2025-09-28 10:25:00.000","2025-09-28 18:25:00.000"
"567","254","MZ","ACR254","ACT254","MKD","DPS","DPS","2025-09-28 17:15:00.000","2025-09-28 18:20:00.000"
"567","255","CZ","ACR255","ACT255","MKD","PEN","PEN","2025-09-28 17:55:00.000","2025-09-28 18:20:00.000"
"567","256","8V","ACR256","ACT256","MKD","KUL","KUL","2025-09-28 17:40:00.000","2025-09-28 18:10:00.000"
"567","257","SM","ACR257","ACT257","MKD","SIN","SIN","2025-09-28 17:10:00.000","2025-09-28 18:05:00.000"
"567","258","HZ","ACR258","ACT258","MKD","AKL","AKL","2025-09-28 16:20:00.000","2025-09-28 17:50:00.000"
"567","259","MZ","ACR259","ACT259","MKD","DPS","KUL","2025-09-28 19:45:00.000","2025-09-28 17:50:00.000"
"567","260","BS","ACR260","ACT260","MKD","DXB","DXB","2025-09-28 15:40:00.000","2025-09-28 17:40:00.000"
"567","261","MZ","ACR261","ACT261","MKD","KUL","KUL","2025-09-28 17:05:00.000","2025-09-28 17:40:00.000"
"567","262","CZ","ACR262","ACT262","MKD","KUL","KUL","2025-09-28 17:05:00.000","2025-09-28 17:30:00.000"
"567","263","SG","ACR263","ACT263","MKD","JED","JED","2025-09-28 16:00:00.000","2025-09-28 17:30:00.000"
"567","264","MZ","ACR264","ACT264","MKD","TKG","BWN","2025-09-28 16:10:00.000","2025-09-28 17:25:00.000"
"567","265","SM","ACR265","ACT265","MKD","SIN","SIN","2025-09-28 16:05:00.000","2025-09-28 17:00:00.000"
"567","266","MZ","ACR266","ACT266","MKD","CGK","KUL","2025-09-28 15:30:00.000","2025-09-28 16:55:00.000"
"567","267","HO","ACR267","ACT267","MKD","PVG","PVG","2025-09-28 15:50:00.000","2025-09-28 16:50:00.000"
"567","268","MZ","ACR268","ACT268","MKD","KUL","LBJ","2025-09-28 16:55:00.000","2025-09-28 16:45:00.000"
"567","269","MZ","ACR269","ACT269","MKD","BDJ","HKT","2025-09-28 15:30:00.000","2025-09-28 16:40:00.000"
"567","270","MZ","ACR270","ACT270","MKD","SIN","DMK","2025-09-28 16:00:00.000","2025-09-28 16:35:00.000"
"567","271","HC","ACR271","ACT271","MKD","TPE","TPE","2025-09-28 15:15:00.000","2025-09-28 16:30:00.000"
"567","272","CZ","ACR272","ACT272","MKD","PEN","PEN","2025-09-28 15:55:00.000","2025-09-28 16:25:00.000"
"567","273","BV","ACR273","ACT273","MKD","KUL","KUL","2025-09-28 15:30:00.000","2025-09-28 16:25:00.000"
"567","274","MZ","ACR274","ACT274","MKD","PER","PER","2025-09-28 15:35:00.000","2025-09-28 16:15:00.000"
"567","275","MZ","ACR275","ACT275","MKD","CGK","CGK","2025-09-28 15:45:00.000","2025-09-28 16:10:00.000"
"567","276","MZ","ACR276","ACT276","MKD","SIN","SIN","2025-09-28 15:15:00.000","2025-09-28 16:10:00.000"
"567","277","CX","ACR277","ACT277","MKD","HKG","HKG","2025-09-28 15:00:00.000","2025-09-28 16:10:00.000"
"567","278","BV","ACR278","ACT278","MKD","KUL","KUL","2025-09-28 15:05:00.000","2025-09-28 16:05:00.000"
"567","279","IH","ACR279","ACT279","MKD","PKN","PGK","2025-09-28 15:20:00.000","2025-09-28 16:05:00.000"
"567","280","8V","ACR280","ACT280","MKD","SKJ","SZB","2025-09-28 15:35:00.000","2025-09-28 16:05:00.000"
"567","281","BV","ACR281","ACT281","MKD","KUL","KUL","2025-09-28 14:50:00.000","2025-09-28 15:50:00.000"
"567","282","JZ","ACR282","ACT282","MKD","DRW","SIN","2025-09-28 13:30:00.000","2025-09-28 15:50:00.000"
"567","283","MZ","ACR283","ACT283","MKD","CGK","LBJ","2025-09-28 13:00:00.000","2025-09-28 15:45:00.000"
"567","284","BV","ACR284","ACT284","MKD","KUL","KUL","2025-09-28 15:00:00.000","2025-09-28 15:45:00.000"
"567","285","MZ","ACR285","ACT285","MKD","KUL","DPS","2025-09-28 11:15:00.000","2025-09-28 15:30:00.000"
"567","286","MZ","ACR286","ACT286","MKD","KUL","JHB","2025-09-28 15:20:00.000","2025-09-28 15:25:00.000"
"567","287","GA","ACR287","ACT287","MKD","BNE","BNE","2025-09-28 14:05:00.000","2025-09-28 15:15:00.000"
"567","288","GA","ACR288","ACT288","MKD","MEL","BNE","2025-09-28 14:45:00.000","2025-09-28 15:15:00.000"
"567","289","MZ","ACR289","ACT289","MKD","DMK","DMK","2025-09-28 14:40:00.000","2025-09-28 15:15:00.000"
"567","290","8V","ACR290","ACT290","MKD","DPS","DPS","2025-09-28 14:40:00.000","2025-09-28 15:10:00.000"
"567","291","CX","ACR291","ACT291","MKD","HKG","HKG","2025-09-28 13:30:00.000","2025-09-28 15:00:00.000"
"567","292","CZ","ACR292","ACT292","MKD","KUL","KUL","2025-09-28 14:35:00.000","2025-09-28 15:00:00.000"
"567","293","JZ","ACR293","ACT293","MKD","MEL","MEL","2025-09-28 13:25:00.000","2025-09-28 14:55:00.000"
"567","294","WY","ACR294","ACT294","MKD","MCT","MCT","2025-09-28 13:20:00.000","2025-09-28 14:50:00.000"
"567","295","CZ","ACR295","ACT295","MKD","KUL","KUL","2025-09-28 14:10:00.000","2025-09-28 14:45:00.000"
"567","296","CZ","ACR296","ACT296","MKD","KUL","KUL","2025-09-28 14:00:00.000","2025-09-28 14:35:00.000"
"567","297","SM","ACR297","ACT297","MKD","SIN","SIN","2025-09-28 13:35:00.000","2025-09-28 14:30:00.000"
"567","298","HC","ACR298","ACT298","MKD","TPE","TPE","2025-09-28 13:20:00.000","2025-09-28 14:30:00.000"
"567","299","SX","ACR299","ACT299","MKD","UPG","UPG","2025-09-28 13:25:00.000","2025-09-28 14:25:00.000"
"567","300","IH","ACR300","ACT300","MKD","SMQ","BUU","2025-09-28 13:30:00.000","2025-09-28 14:20:00.000"
"567","301","CX","ACR301","ACT301","MKD","HKG","HKG","2025-09-28 13:10:00.000","2025-09-28 14:20:00.000"
"567","302","MZ","ACR302","ACT302","MKD","DMK","DMK","2025-09-28 14:55:00.000","2025-09-28 14:15:00.000"
"567","303","CZ","ACR303","ACT303","MKD","KUL","KUL","2025-09-28 13:35:00.000","2025-09-28 14:10:00.000"
"567","304","MZ","ACR304","ACT304","MKD","SIN","PER","2025-09-28 13:15:00.000","2025-09-28 13:55:00.000"
"567","305","8V","ACR305","ACT305","MKD","CGK","CGK","2025-09-28 13:20:00.000","2025-09-28 13:50:00.000"
"567","306","MZ","ACR306","ACT306","MKD","DPS","TKG","2025-09-28 13:40:00.000","2025-09-28 13:50:00.000"
"567","307","SG","ACR307","ACT307","MKD","JED","JED","2025-09-28 12:15:00.000","2025-09-28 13:45:00.000"
"567","308","8V","ACR308","ACT308","MKD","SIN","YIA","2025-09-28 16:20:00.000","2025-09-28 13:35:00.000"
"567","309","SX","ACR309","ACT309","MKD","PGK","PNK","2025-09-28 12:35:00.000","2025-09-28 13:25:00.000"
"567","310","MZ","ACR310","ACT310","MKD","JHB","KUL","2025-09-28 12:40:00.000","2025-09-28 13:25:00.000"
"567","311","JZ","ACR311","ACT311","MKD","BNE","BNE","2025-09-28 11:50:00.000","2025-09-28 13:15:00.000"
"567","312","SM","ACR312","ACT312","MKD","SIN","SIN","2025-09-28 11:55:00.000","2025-09-28 13:05:00.000"
"567","313","BV","ACR313","ACT313","MKD","KUL","KUL","2025-09-28 12:05:00.000","2025-09-28 12:55:00.000"
"567","314","8V","ACR314","ACT314","MKD","CAN","PER","2025-09-28 07:20:00.000","2025-09-28 12:55:00.000"
"567","315","MZ","ACR315","ACT315","MKD","DTB","DPS","2025-09-28 12:10:00.000","2025-09-28 12:45:00.000"
"567","316","MZ","ACR316","ACT316","MKD","KUL","KUL","2025-09-28 11:50:00.000","2025-09-28 12:20:00.000"
"567","317","BV","ACR317","ACT317","MKD","KUL","KUL","2025-09-28 11:20:00.000","2025-09-28 12:15:00.000"
"567","318","JX","ACR318","ACT318","MKD","TPE","TPE","2025-09-28 11:15:00.000","2025-09-28 12:15:00.000"
"567","319","SM","ACR319","ACT319","MKD","SIN","SIN","2025-09-28 11:00:00.000","2025-09-28 12:10:00.000"
"567","320","8V","ACR320","ACT320","MKD","KUL","SIN","2025-09-28 09:50:00.000","2025-09-28 12:10:00.000"
"567","321","MZ","ACR321","ACT321","MKD","CGK","BDJ","2025-09-28 11:30:00.000","2025-09-28 12:05:00.000"
"567","322","MZ","ACR322","ACT322","MKD","DPS","DMK","2025-09-28 10:30:00.000","2025-09-28 12:05:00.000"
"567","323","FD","ACR323","ACT323","MKD","DMK","DMK","2025-09-28 11:30:00.000","2025-09-28 12:00:00.000"
"567","324","JZ","ACR324","ACT324","MKD","PER","SYD","2025-09-28 10:30:00.000","2025-09-28 11:55:00.000"
"567","325","MZ","ACR325","ACT325","MKD","DPS","DPS","2025-09-28 12:10:00.000","2025-09-28 11:55:00.000"
"567","326","JZ","ACR326","ACT326","MKD","MEL","MEL","2025-09-28 10:35:00.000","2025-09-28 11:55:00.000"
"567","327","MZ","ACR327","ACT327","MKD","KUL","PEN","2025-09-28 10:15:00.000","2025-09-28 11:50:00.000"
"567","328","8V","ACR328","ACT328","MKD","DPS","SKJ","2025-09-28 11:20:00.000","2025-09-28 11:45:00.000"
"567","329","CZ","ACR329","ACT329","MKD","KUL","KUL","2025-09-28 11:20:00.000","2025-09-28 11:45:00.000"
"567","330","MZ","ACR330","ACT330","MKD","KUL","KUL","2025-09-28 10:45:00.000","2025-09-28 11:20:00.000"
"567","331","SM","ACR331","ACT331","MKD","SIN","SIN","2025-09-28 10:10:00.000","2025-09-28 11:15:00.000"
"567","332","CZ","ACR332","ACT332","MKD","KUL","KUL","2025-09-28 10:50:00.000","2025-09-28 11:15:00.000"
"567","333","JZ","ACR333","ACT333","MKD","SYD","SYD","2025-09-28 10:50:00.000","2025-09-28 11:15:00.000"
"567","334","JZ","ACR334","ACT334","MKD","ADL","ADL","2025-09-28 10:10:00.000","2025-09-28 11:15:00.000"
"567","335","MZ","ACR335","ACT335","MKD","TKG","SIN","2025-09-28 10:40:00.000","2025-09-28 11:10:00.000"
"567","336","BV","ACR336","ACT336","MKD","KUL","KUL","2025-09-28 10:15:00.000","2025-09-28 11:10:00.000"
"567","337","8V","ACR337","ACT337","MKD","SIN","KUL","2025-09-28 12:30:00.000","2025-09-28 11:00:00.000"
"567","338","MZ","ACR338","ACT338","MKD","PER","CGK","2025-09-28 10:50:00.000","2025-09-28 10:35:00.000"
"567","339","AI","ACR339","ACT339","MKD","DEL","DEL","2025-09-28 08:10:00.000","2025-09-28 10:35:00.000"
"567","340","8V","ACR340","ACT340","MKD","KWE","DPS","2025-09-28 07:10:00.000","2025-09-28 10:30:00.000"
"567","341","8V","ACR341","ACT341","MKD","CGK","CGK","2025-09-28 09:30:00.000","2025-09-28 10:25:00.000"
"567","342","SM","ACR342","ACT342","MKD","SIN","SIN","2025-09-28 09:05:00.000","2025-09-28 10:10:00.000"
"567","343","MZ","ACR343","ACT343","MKD","PEN","DMK","2025-09-28 09:35:00.000","2025-09-28 10:05:00.000"
"567","344","SM","ACR344","ACT344","MKD","SIN","SIN","2025-09-28 09:00:00.000","2025-09-28 10:05:00.000"
"567","345","MZ","ACR345","ACT345","MKD","DPS","KUL","2025-09-27 23:55:00.000","2025-09-28 10:05:00.000"
"567","346","BV","ACR346","ACT346","MKD","KUL","KUL","2025-09-28 09:10:00.000","2025-09-28 10:00:00.000"
"567","347","CZ","ACR347","ACT347","MKD","PEN","PEN","2025-09-28 09:30:00.000","2025-09-28 10:00:00.000"
"567","348","MZ","ACR348","ACT348","MKD","CGK","CGK","2025-09-28 08:55:00.000","2025-09-28 09:40:00.000"
"567","349","SX","ACR349","ACT349","MKD","TJZ","PGK","2025-09-28 08:50:00.000","2025-09-28 09:40:00.000"
"567","350","MZ","ACR350","ACT350","MKD","KUL","PEN","2025-09-28 08:55:00.000","2025-09-28 09:35:00.000"
"567","351","SM","ACR351","ACT351","MKD","SIN","SIN","2025-09-28 08:25:00.000","2025-09-28 09:25:00.000"
"567","352","BV","ACR352","ACT352","MKD","KUL","KUL","2025-09-28 08:30:00.000","2025-09-28 09:20:00.000"
"567","353","MZ","ACR353","ACT353","MKD","DMK","DPS","2025-09-28 00:05:00.000","2025-09-28 09:15:00.000"
"567","354","SG","ACR354","ACT354","MKD","JED","JED","2025-09-28 07:35:00.000","2025-09-28 09:10:00.000"
"567","355","IH","ACR355","ACT355","MKD","CGK","TMC","2025-09-28 08:20:00.000","2025-09-28 09:10:00.000"
"567","356","BV","ACR356","ACT356","MKD","KUL","KUL","2025-09-28 08:25:00.000","2025-09-28 09:10:00.000"
"567","357","8V","ACR357","ACT357","MKD","CGK","PER","2025-09-27 17:55:00.000","2025-09-28 09:05:00.000"
"567","358","MR","ACR358","ACT358","MKD","DOH","DOH","2025-09-28 07:30:00.000","2025-09-28 09:00:00.000"
"567","359","SM","ACR359","ACT359","MKD","SIN","SIN","2025-09-28 08:00:00.000","2025-09-28 08:45:00.000"
"567","360","MZ","ACR360","ACT360","MKD","DPS","DPS","2025-09-28 08:10:00.000","2025-09-28 08:40:00.000"
"567","361","CZ","ACR361","ACT361","MKD","KUL","KUL","2025-09-28 08:05:00.000","2025-09-28 08:35:00.000"
"567","362","5J","ACR362","ACT362","MKD","MNL","MNL","2025-09-28 07:50:00.000","2025-09-28 08:35:00.000"
"567","363","MZ","ACR363","ACT363","MKD","KTI","TKG","2025-09-27 23:20:00.000","2025-09-28 08:35:00.000"
"567","364","MZ","ACR364","ACT364","MKD","PER","CGK","2025-09-28 07:00:00.000","2025-09-28 08:30:00.000"
"567","365","MZ","ACR365","ACT365","MKD","MDC","SIN","2025-09-28 07:55:00.000","2025-09-28 08:30:00.000"
"567","366","CX","ACR366","ACT366","MKD","HKG","HKG","2025-09-27 18:00:00.000","2025-09-28 08:20:00.000"
"567","367","CX","ACR367","ACT367","MKD","HKG","HKG","2025-09-27 19:40:00.000","2025-09-28 08:10:00.000"
"567","368","SM","ACR368","ACT368","MKD","SIN","SIN","2025-09-28 07:55:00.000","2025-09-28 08:05:00.000"
"567","369","8V","ACR369","ACT369","MKD","SZB","SIN","2025-09-27 21:25:00.000","2025-09-28 07:55:00.000"
"567","370","CZ","ACR370","ACT370","MKD","KUL","KUL","2025-09-28 07:15:00.000","2025-09-28 07:45:00.000"
"567","371","MZ","ACR371","ACT371","MKD","KUL","JHB","2025-09-27 19:20:00.000","2025-09-28 07:35:00.000"
"567","372","MZ","ACR372","ACT372","MKD","DMK","DTB","2025-09-28 04:35:00.000","2025-09-28 07:25:00.000"
"567","373","MZ","ACR373","ACT373","MKD","KUL","PEN","2025-09-27 21:55:00.000","2025-09-28 07:15:00.000"
"567","374","MZ","ACR374","ACT374","MKD","KUL","CGK","2025-09-28 01:20:00.000","2025-09-28 07:15:00.000"
"567","375","MZ","ACR375","ACT375","MKD","DPS","DMK","2025-09-27 22:30:00.000","2025-09-28 07:15:00.000"
"567","376","MZ","ACR376","ACT376","MKD","HKT","SIN","2025-09-28 00:15:00.000","2025-09-28 07:10:00.000"
"567","377","MZ","ACR377","ACT377","MKD","PER","LBJ","2025-09-28 00:30:00.000","2025-09-28 07:10:00.000"
"567","378","SM","ACR378","ACT378","MKD","SIN","SIN","2025-09-28 00:05:00.000","2025-09-28 07:10:00.000"
"567","379","MZ","ACR379","ACT379","MKD","PER","PER","2025-09-27 22:20:00.000","2025-09-28 07:05:00.000"
"567","380","JZ","ACR380","ACT380","MKD","SIN","DRW","2025-09-27 22:20:00.000","2025-09-28 07:00:00.000"
"567","381","MZ","ACR381","ACT381","MKD","LBJ","KUL","2025-09-28 09:55:00.000","2025-09-28 07:00:00.000"
"567","382","HH","ACR382","ACT382","MKD","BVD","BVD","2025-09-28 05:05:00.000","2025-09-28 07:00:00.000"
"567","383","8V","ACR383","ACT383","MKD","YIA","DPS","2025-09-27 18:55:00.000","2025-09-28 06:45:00.000"
"567","384","7H","ACR384","ACT384","MKD","BWN","SIN","2025-09-27 15:45:00.000","2025-09-28 06:30:00.000"
"567","385","MZ","ACR385","ACT385","MKD","DMK","KUL","2025-09-27 14:40:00.000","2025-09-28 06:25:00.000"
"567","386","MZ","ACR386","ACT386","MKD","DMK","DPS","2025-09-28 01:55:00.000","2025-09-28 06:20:00.000"
"567","387","HH","ACR387","ACT387","MKD","NRT","NRT","2025-09-27 23:45:00.000","2025-09-28 06:10:00.000"
"567","388","IH","ACR388","ACT388","MKD","UPG","SMQ","2025-09-28 05:00:00.000","2025-09-28 06:00:00.000"
"567","389","SX","ACR389","ACT389","MKD","PGK","TJZ","2025-09-27 20:45:00.000","2025-09-28 06:00:00.000"
"567","390","IH","ACR390","ACT390","MKD","DPS","DPS","2025-09-27 19:10:00.000","2025-09-28 05:30:00.000"
"567","391","IH","ACR391","ACT391","MKD","BTH","PKN","2025-09-27 18:00:00.000","2025-09-28 05:30:00.000"
"567","392","SM","ACR392","ACT392","MKD","SIN","SIN","2025-09-27 22:40:00.000","2025-09-28 05:25:00.000"
"567","393","8V","ACR393","ACT393","MKD","SIN","KUL","2025-09-27 23:50:00.000","2025-09-28 05:15:00.000"
"567","394","MZ","ACR394","ACT394","MKD","KUL","KUL","2025-09-27 23:25:00.000","2025-09-28 05:00:00.000"
"567","395","MZ","ACR395","ACT395","MKD","KUL","KUL","2025-09-27 22:40:00.000","2025-09-28 05:00:00.000"
"567","396","SG","ACR396","ACT396","MKD","JED","JED","2025-09-28 03:00:00.000","2025-09-28 04:55:00.000"
"567","397","FS","ACR397","ACT397","MKD","TIM","TIM","2025-09-27 18:00:00.000","2025-09-28 04:30:00.000"
"567","398","BV","ACR398","ACT398","MKD","KUL","KUL","2025-09-27 23:05:00.000","2025-09-28 04:15:00.000"
"567","399","7H","ACR399","ACT399","MKD","CGK","SGN","2025-09-27 19:25:00.000","2025-09-28 03:00:00.000"
"567","400","MZ","ACR400","ACT400","MKD","DRW","PER","2025-09-27 18:10:00.000","2025-09-28 01:05:00.000"
"567","401","MR","ACR401","ACT401","MKD","DOH","DOH","2025-09-27 21:40:00.000","2025-09-28 00:55:00.000"
"567","402","MU","ACR402","ACT402","MKD","PVG","PVG","2025-09-27 23:55:00.000","2025-09-28 00:55:00.000"
"567","403","PR","ACR403","ACT403","MKD","MNL","MNL","2025-09-27 23:55:00.000","2025-09-28 00:55:00.000"
"567","404","PR","ACR404","ACT404","MKD","MNL","MNL","2025-09-27 23:55:00.000","2025-09-28 00:55:00.000"
"567","405","MZ","ACR405","ACT405","MKD","SIN","MDC","2025-09-27 20:30:00.000","2025-09-28 00:50:00.000"
"567","406","BS","ACR406","ACT406","MKD","DXB","DXB","2025-09-27 22:20:00.000","2025-09-28 00:45:00.000"
"567","407","EY","ACR407","ACT407","MKD","AUH","AUH","2025-09-27 20:35:00.000","2025-09-28 00:45:00.000"
"567","408","SG","ACR408","ACT408","MKD","JED","JED","2025-09-27 22:45:00.000","2025-09-28 00:40:00.000"
"567","409","BS","ACR409","ACT409","MKD","DXB","DXB","2025-09-27 22:20:00.000","2025-09-28 00:35:00.000"
"567","410","CX","ACR410","ACT410","MKD","HKG","HKG","2025-09-27 22:50:00.000","2025-09-28 00:05:00.000"
"567","411","5J","ACR411","ACT411","MKD","MNL","MNL","2025-09-27 23:30:00.000","2025-09-28 00:05:00.000"
"567","412","JZ","ACR412","ACT412","MKD","PER","ADL","2025-09-27 22:25:00.000","2025-09-27 23:55:00.000"
"567","413","MU","ACR413","ACT413","MKD","PVG","PVG","2025-09-27 22:30:00.000","2025-09-27 23:30:00.000"
"567","414","JZ","ACR414","ACT414","MKD","MEL","MEL","2025-09-27 21:50:00.000","2025-09-27 23:30:00.000"
"567","415","GA","ACR415","ACT415","MKD","SYD","SYD","2025-09-27 22:30:00.000","2025-09-27 23:20:00.000"
"567","416","GA","ACR416","ACT416","MKD","OOL","OOL","2025-09-27 22:15:00.000","2025-09-27 23:20:00.000"
"567","417","GA","ACR417","ACT417","MKD","MEL","MEL","2025-09-27 22:00:00.000","2025-09-27 23:05:00.000"
"567","418","MF","ACR418","ACT418","MKD","MEL","MEL","2025-09-27 22:00:00.000","2025-09-27 23:05:00.000"
"567","419","JZ","ACR419","ACT419","MKD","SYD","SYD","2025-09-27 21:00:00.000","2025-09-27 22:35:00.000"
"567","420","SX","ACR420","ACT420","MKD","UPG","UPG","2025-09-27 18:45:00.000","2025-09-27 22:15:00.000"
"567","421","MF","ACR421","ACT421","MKD","SYD","SYD","2025-09-27 20:50:00.000","2025-09-27 22:10:00.000"
"567","422","JZ","ACR422","ACT422","MKD","BNE","BNE","2025-09-27 20:50:00.000","2025-09-27 22:10:00.000"
"567","423","CZ","ACR423","ACT423","MKD","KUL","KUL","2025-09-27 21:30:00.000","2025-09-27 21:55:00.000"
"567","424","MZ","ACR424","ACT424","MKD","LBJ","PER","2025-09-27 18:45:00.000","2025-09-27 21:55:00.000"
"567","425","SM","ACR425","ACT425","MKD","SIN","SIN","2025-09-27 20:50:00.000","2025-09-27 21:45:00.000"
"567","426","MZ","ACR426","ACT426","MKD","CGK","CGK","2025-09-27 21:10:00.000","2025-09-27 21:40:00.000"
"567","427","OZ","ACR427","ACT427","MKD","ICN","ICN","2025-09-27 20:10:00.000","2025-09-27 21:30:00.000"
"567","428","JZ","ACR428","ACT428","MKD","PER","PER","2025-09-27 20:20:00.000","2025-09-27 21:30:00.000"
"567","429","CZ","ACR429","ACT429","MKD","KUL","KUL","2025-09-27 20:55:00.000","2025-09-27 21:25:00.000"
"567","430","HH","ACR430","ACT430","MKD","BVD","BVD","2025-09-27 16:00:00.000","2025-09-27 21:25:00.000"
"567","431","JZ","ACR431","ACT431","MKD","MEL","MEL","2025-09-27 20:00:00.000","2025-09-27 21:20:00.000"
"567","432","TK","ACR432","ACT432","MKD","IST","IST","2025-09-27 19:15:00.000","2025-09-27 21:20:00.000"
"567","433","CZ","ACR433","ACT433","MKD","KUL","KUL","2025-09-27 20:45:00.000","2025-09-27 21:15:00.000"
"567","434","TK","ACR434","ACT434","MKD","IST","IST","2025-09-27 17:35:00.000","2025-09-27 21:00:00.000"
"567","435","8V","ACR435","ACT435","MKD","PER","CGK","2025-09-27 17:40:00.000","2025-09-27 20:50:00.000"
"567","436","MF","ACR436","ACT436","MKD","SYD","SYD","2025-09-27 19:00:00.000","2025-09-27 20:45:00.000"
"567","437","SM","ACR437","ACT437","MKD","SIN","SIN","2025-09-27 19:30:00.000","2025-09-27 20:20:00.000"
"567","438","SM","ACR438","ACT438","MKD","SIN","SIN","2025-09-27 19:20:00.000","2025-09-27 20:15:00.000"
"567","439","SM","ACR439","ACT439","MKD","SIN","SIN","2025-09-27 18:50:00.000","2025-09-27 20:00:00.000"
"567","440","MZ","ACR440","ACT440","MKD","DPS","DMK","2025-09-27 19:45:00.000","2025-09-27 20:00:00.000"
"567","441","BV","ACR441","ACT441","MKD","KUL","KUL","2025-09-27 19:05:00.000","2025-09-27 19:50:00.000"
"567","442","BS","ACR442","ACT442","MKD","DXB","DXB","2025-09-27 16:35:00.000","2025-09-27 19:45:00.000"
"567","443","IH","ACR443","ACT443","MKD","BUU","UPG","2025-09-27 17:35:00.000","2025-09-27 19:45:00.000"
"567","444","8V","ACR444","ACT444","MKD","PER","CAN","2025-09-27 21:50:00.000","2025-09-27 19:40:00.000"
"567","445","CZ","ACR445","ACT445","MKD","KUL","KUL","2025-09-27 19:15:00.000","2025-09-27 19:40:00.000"
"567","446","MZ","ACR446","ACT446","MKD","TKG","DPS","2025-09-27 19:20:00.000","2025-09-27 19:30:00.000"
"567","447","BV","ACR447","ACT447","MKD","KUL","KUL","2025-09-27 18:30:00.000","2025-09-27 19:20:00.000"
"567","448","CZ","ACR448","ACT448","MKD","KUL","KUL","2025-09-27 18:40:00.000","2025-09-27 19:15:00.000"
"567","449","SM","ACR449","ACT449","MKD","SIN","SIN","2025-09-27 18:15:00.000","2025-09-27 19:10:00.000"
"567","450","EY","ACR450","ACT450","MKD","AUH","AUH","2025-09-27 09:35:00.000","2025-09-27 19:05:00.000"
"567","451","SM","ACR451","ACT451","MKD","SIN","SIN","2025-09-27 18:05:00.000","2025-09-27 19:00:00.000"
"567","452","MZ","ACR452","ACT452","MKD","CGK","CGK","2025-09-27 18:20:00.000","2025-09-27 18:50:00.000"
"567","453","CX","ACR453","ACT453","MKD","HKG","HKG","2025-09-27 17:40:00.000","2025-09-27 18:45:00.000"
"567","454","EY","ACR454","ACT454","MKD","AUH","AUH","2025-09-27 11:25:00.000","2025-09-27 18:45:00.000"
"567","455","MZ","ACR455","ACT455","MKD","PEN","DMK","2025-09-27 17:25:00.000","2025-09-27 18:30:00.000"
"567","456","MR","ACR456","ACT456","MKD","DOH","DOH","2025-09-27 15:35:00.000","2025-09-27 18:30:00.000"
"567","457","IH","ACR457","ACT457","MKD","TMC","CGK","2025-09-27 17:40:00.000","2025-09-27 18:30:00.000"
"567","458","BV","ACR458","ACT458","MKD","KUL","KUL","2025-09-27 17:35:00.000","2025-09-27 18:25:00.000"
"567","459","CZ","ACR459","ACT459","MKD","PEN","PEN","2025-09-27 17:55:00.000","2025-09-27 18:20:00.000"
"567","460","MZ","ACR460","ACT460","MKD","DPS","DPS","2025-09-27 17:15:00.000","2025-09-27 18:20:00.000"
"567","461","SM","ACR461","ACT461","MKD","SIN","SIN","2025-09-27 17:10:00.000","2025-09-27 18:05:00.000"
"567","462","MZ","ACR462","ACT462","MKD","DTB","KUL","2025-09-27 16:35:00.000","2025-09-27 17:50:00.000"
"567","463","HZ","ACR463","ACT463","MKD","AKL","AKL","2025-09-27 16:20:00.000","2025-09-27 17:50:00.000"
"567","464","SX","ACR464","ACT464","MKD","PNK","PGK","2025-09-27 17:00:00.000","2025-09-27 17:50:00.000"
"567","465","MZ","ACR465","ACT465","MKD","KUL","KUL","2025-09-27 17:05:00.000","2025-09-27 17:40:00.000"
"567","466","BS","ACR466","ACT466","MKD","DXB","DXB","2025-09-27 15:40:00.000","2025-09-27 17:40:00.000"
"567","467","SG","ACR467","ACT467","MKD","JED","JED","2025-09-27 16:00:00.000","2025-09-27 17:30:00.000"
"567","468","MZ","ACR468","ACT468","MKD","KUL","TKG","2025-09-27 11:15:00.000","2025-09-27 17:20:00.000"
"567","469","SM","ACR469","ACT469","MKD","SIN","SIN","2025-09-27 16:05:00.000","2025-09-27 17:00:00.000"
"567","470","FS","ACR470","ACT470","MKD","TIM","CGK","2025-09-27 16:15:00.000","2025-09-27 16:55:00.000"
"567","471","MZ","ACR471","ACT471","MKD","PER","KUL","2025-09-27 15:35:00.000","2025-09-27 16:55:00.000"
"567","472","HO","ACR472","ACT472","MKD","PVG","PVG","2025-09-27 15:50:00.000","2025-09-27 16:50:00.000"
"567","473","8V","ACR473","ACT473","MKD","DPS","KWE","2025-09-27 14:40:00.000","2025-09-27 16:35:00.000"
"567","474","MZ","ACR474","ACT474","MKD","TKG","DMK","2025-09-27 16:10:00.000","2025-09-27 16:35:00.000"
"567","475","HC","ACR475","ACT475","MKD","TPE","TPE","2025-09-27 15:15:00.000","2025-09-27 16:30:00.000"
"567","476","BV","ACR476","ACT476","MKD","KUL","KUL","2025-09-27 15:30:00.000","2025-09-27 16:25:00.000"
"567","477","8J","ACR477","ACT477","MKD","SIN","SIN","2025-09-26 06:45:00.000","2025-09-27 16:15:00.000"
"567","478","MZ","ACR478","ACT478","MKD","BPN","PER","2025-09-27 15:20:00.000","2025-09-27 16:15:00.000"
"567","479","MZ","ACR479","ACT479","MKD","CGK","CGK","2025-09-27 15:45:00.000","2025-09-27 16:10:00.000"
"567","480","MZ","ACR480","ACT480","MKD","SIN","SIN","2025-09-27 15:15:00.000","2025-09-27 16:10:00.000"
"567","481","CX","ACR481","ACT481","MKD","HKG","HKG","2025-09-27 15:00:00.000","2025-09-27 16:10:00.000"
"567","482","8V","ACR482","ACT482","MKD","SIN","SZB","2025-09-27 14:35:00.000","2025-09-27 16:05:00.000"
"567","483","BV","ACR483","ACT483","MKD","KUL","KUL","2025-09-27 15:05:00.000","2025-09-27 16:05:00.000"
"567","484","8V","ACR484","ACT484","MKD","SKJ","YIA","2025-09-27 15:35:00.000","2025-09-27 16:05:00.000"
"567","485","BV","ACR485","ACT485","MKD","KUL","KUL","2025-09-27 14:50:00.000","2025-09-27 15:50:00.000"
"567","486","GA","ACR486","ACT486","MKD","MEL","MEL","2025-09-27 14:45:00.000","2025-09-27 15:50:00.000"
"567","487","MZ","ACR487","ACT487","MKD","SIN","HKT","2025-09-27 13:30:00.000","2025-09-27 15:50:00.000"
"567","488","JZ","ACR488","ACT488","MKD","CNS","SIN","2025-09-27 11:45:00.000","2025-09-27 15:50:00.000"
"567","489","MZ","ACR489","ACT489","MKD","KUL","LBJ","2025-09-27 14:35:00.000","2025-09-27 15:45:00.000"
"567","490","MZ","ACR490","ACT490","MKD","DMK","DPS","2025-09-27 14:55:00.000","2025-09-27 15:30:00.000"
"567","491","MZ","ACR491","ACT491","MKD","LBJ","JHB","2025-09-27 17:55:00.000","2025-09-27 15:25:00.000"
"567","492","GA","ACR492","ACT492","MKD","BNE","BNE","2025-09-27 14:05:00.000","2025-09-27 15:15:00.000"
"567","493","GA","ACR493","ACT493","MKD","BNE","BNE","2025-09-27 14:05:00.000","2025-09-27 15:15:00.000"
"567","494","7H","ACR494","ACT494","MKD","SRG","CGK","2025-09-27 14:15:00.000","2025-09-27 15:15:00.000"
"567","495","8V","ACR495","ACT495","MKD","DPS","DPS","2025-09-27 21:40:00.000","2025-09-27 15:10:00.000"
"567","496","JZ","ACR496","ACT496","MKD","MEL","MEL","2025-09-27 13:25:00.000","2025-09-27 14:55:00.000"
"567","497","CZ","ACR497","ACT497","MKD","KUL","KUL","2025-09-27 14:10:00.000","2025-09-27 14:45:00.000"
"567","498","CZ","ACR498","ACT498","MKD","KUL","KUL","2025-09-27 14:00:00.000","2025-09-27 14:35:00.000"
"567","499","HC","ACR499","ACT499","MKD","TPE","TPE","2025-09-27 13:20:00.000","2025-09-27 14:30:00.000"
"567","500","8V","ACR500","ACT500","MKD","CAN","KUL","2025-09-27 10:15:00.000","2025-09-27 14:30:00.000"
